feature,importance
شقة,0.3591290734376479
شقة_للبيع,0.28494151236031035
شقة_للبيع شقة,0.28494151236031035
أن,0.27570342359236405
شقق,0.2667398402532716
مشروع,0.2605623981005272
الخصائص_للبيع,0.25776045689243343
من,0.2567686749057742
مطبخ,0.2468967915483294
شقق_للبيع شقق,0.24588910495140565
شقة شقق_للبيع,0.24588910495140565
شقق_للبيع,0.231999732032667
اسطنبول,0.2212368129574498
ankara,0.22100156266167031
for,0.22100156266167031
مياه,0.21677617255803194
العقار,0.21149036768694818
للتواصل,0.21133923412394715
للتواصل معنا,0.21133923412394715
غرف,0.207604153223643
الخصائص_للبيع عقار_للبيع,0.19984718829281822
عقار_للبيع,0.19984718829281822
فرصة,0.19825833866938636
عقار,0.19803080230759545
حيث,0.19700985310974264
مدينة,0.19597021260437425
مدينة اسطنبول,0.19597021260437425
صاله,0.19335929209580419
شقق الخصائص_للبيع,0.19196869059591834
شراء,0.1883155956991957
sale,0.18612969804648882
for sale,0.18612969804648882
معنا,0.18209334324183407
للبيع,0.18147554870139962
دورات,0.18099199965782906
في,0.17971173222332518
اسطنبول الأوروبية,0.17914407057163267
استثمار,0.17812785650869642
تركيا,0.17805452054009507
in,0.17596811449282376
apartment,0.17596811449282376
in ankara,0.17596811449282376
لا,0.17276240923095157
مناسب,0.1694406423459772
طرابزون,0.16879345394020034
معنا website,0.1672844837259239
website,0.1672844837259239
bedrooms,0.16676555323726344
عقار_للبيع عقار,0.16652481259178523
عقارات,0.16357569905737865
الآن,0.16270718630243466
إلى,0.16256148778832363
على,0.16106422946739868
3غرف,0.16084535836460176
أو,0.15975928717379323
sqm,0.15894661832040666
التركية,0.1572047381415248
جديد,0.15572996173497905
الجنسية_التركية,0.15509099754366185
منزل,0.1538225015203173
فاخرة,0.15218248057536277
إضافة إلى,0.15085190068125146
إضافة,0.15085190068125146
المشروع,0.14944597413448985
هو,0.14888272678347542
خزان,0.14791404899398272
علوي,0.14791404899398272
صاله مطبخ,0.14613250005944867
الأوروبية,0.1452913322340172
tel,0.14494969650266695
إسطنبول,0.14431756415095298
ديدن_للعقارات_والاستثمارات,0.1442198024684132
غير,0.14372834014821437
العقارات,0.14299537403197635
livingroom,0.14277602157677174
bedrooms livingroom,0.14277602157677174
rt,0.14175904992196
5غرف,0.1411959389154243
شقق للبيع,0.14077637904762472
واحصل على,0.14034272166008527
واحصل,0.14034272166008527
كود,0.1400489297567229
كود المشروع,0.1400489297567229
أكثر,0.13964296995953945
مجمع,0.1385491046086721
في طرابزون,0.13822039497576905
المالك,0.13809914182839195
عقار عقارات,0.1364984098548538
تملك,0.13590172322116392
خلال,0.1355586686349422
للإستثمار,0.13509368621100837
شقة_للإيجار,0.13317409487929294
شقة_للإيجار شقة,0.13317409487929294
إن,0.13134395369741259
تواصل,0.13093296676693733
لسكن,0.1298632958593445
قلب,0.1276335701622746
بعتلي,0.12690152838068383
ضمن,0.12597268949119403
تفاصيل,0.12456296052057622
ذلك,0.12399284075957388
عن,0.12399284075957388
العراق,0.12346750383977283
شركة,0.12314476763960791
علوي وسفلي,0.12143454066975616
وسفلي,0.12143454066975616
المناطق,0.12124445763222498
بحرية,0.12114482882019509
بإطلالة بحرية,0.12114482882019509
بإطلالة,0.12114482882019509
للسكن,0.1209590583938974
سكني,0.11963122448293957
للجنسية,0.11930232742183455
العقاري للتواصل,0.1191599075463508
العقاري,0.1172917878150693
التي,0.11728055762460798
تمليك,0.11696741604845144
تحديد,0.11572515142863035
فاخر,0.11369247476966464
pursaklar,0.11357816668822007
ankara pursaklar,0.11357816668822007
خزان علوي,0.11138644285730503
تتطلع,0.11114430655110348
مياة,0.1110239254265799
دورات مياة,0.1110239254265799
مطبخ دورات,0.11021472248091198
كايا شهير,0.10924670415728799
كايا,0.10924670415728799
شقه فاخرة,0.10838158861369862
شقه,0.10838158861369862
جدا,0.10722163343588909
عقارات_تركيا,0.10713714771644553
عقارات_تركيا مشاريع_اسطنبول,0.10713714771644553
شقق_للبيع_تركيا,0.10713714771644553
الف,0.1066629297004471
استثمارية,0.10651262692591106
الجامعية,0.10636457557631906
على الجنسية_التركية,0.10629890541405099
مع,0.10596204108380658
الأجانب,0.1056523854309227
عقارات للبيع,0.10516938356646892
with,0.10457226081604602
شقق_تمليك,0.10422346253199574
شقق_تركيا,0.10422346253199574
شقق_تركيا شقق_تمليك,0.10422346253199574
شقق_تمليك العراق,0.10422346253199574
شقق_للبيع_في_تركيا شقق_تركيا,0.10422346253199574
شقق_للبيع_في_تركيا,0.10422346253199574
التقييم,0.10390444336937321
التقييم العقاري,0.10390444336937321
دورات مياه,0.10230768627455644
alrifai_jed,0.10119941393575752
rt alrifai_jed,0.10119941393575752
في اسطنبول,0.101171619634759
الحكومة التركية,0.10113576929795956
الحكومة,0.10113576929795956
قرية هامسي,0.09978858060630683
كوي,0.09978858060630683
طرابزون trabzon,0.09978858060630683
قرية,0.09978858060630683
في الشمال,0.09978858060630683
صالة,0.09952701330424903
صالة مطبخ,0.09952701330424903
خاص,0.0994648483842215
منطقة,0.09840260739202307
عبر,0.09800772898928484
السياحي,0.09728726903308829
للايجار السياحي,0.09728726903308829
للايجار,0.09728726903308829
قناة,0.09698536962041102
قناة اسطنبول,0.09698536962041102
ودورات مياه,0.09697107293662406
ودورات,0.09697107293662406
يعني,0.09620770305444157
يعني عدم,0.09620770305444157
الأخطاء,0.09620770305444157
عدم,0.09620770305444157
النجاح,0.09620770305444157
عقارات بمليارات,0.09592756631543164
فاتح أرغوفان,0.09592756631543164
فاتح,0.09592756631543164
مشروع سكني,0.0955641764739353
على الفرص_العقارية,0.09509479938204499
عبر العالم,0.09509479938204499
لسكن او,0.09253851915175046
وبدون,0.09253851915175046
او,0.09253851915175046
او للإستثمار,0.09253851915175046
للإستثمار 5غرف,0.09253851915175046
في إسطنبول,0.09231632512080763
super lux,0.09183323789939109
super,0.09183323789939109
sale شقة_للبيع,0.09183323789939109
lux for,0.09183323789939109
lux,0.09183323789939109
apartment in,0.09183323789939109
extra,0.09183323789939109
extra super,0.09183323789939109
شهير,0.09150863641447574
المالك مباشرة,0.09119755216609596
مباشرة,0.09119755216609596
من المالك,0.09119755216609596
شقق بالصفا,0.09100211519691173
شقق للجادين,0.09100211519691173
فاخر تمليك,0.09100211519691173
عندي,0.09100211519691173
عندي شقق,0.09100211519691173
2021,0.09025866750138145
متر,0.08997502705794647
عبر شراء,0.08986472305099016
شراء العقارات,0.08986472305099016
السعر,0.0894322818222802
مساحة,0.0894322818222802
جدا شقة_للبيع,0.08938974805643575
بسعر,0.08938974805643575
كمفورت,0.08906912752911114
كمفورت باشاك_شهير,0.08906912752911114
تركيا خلال,0.08905622377390503
furnished,0.08866130960937049
على الإجازة,0.08850069807231875
شراء منزل,0.08822049508196314
في شراء,0.08822049508196314
عقارات استثمار,0.08822049508196314
للبيع في,0.08797413566105525
شقة أو,0.08678300536272206
شراء شقة,0.08678300536272206
شيشلي,0.08548898627993137
في شيشلي,0.08548898627993137
شيشلي اسطنبول,0.08548898627993137
غرف نوم,0.08548898627993137
apartment for,0.08533581334661397
قريب,0.0852953683303201
قريب من,0.0852953683303201
قرارا رس,0.08500483009149831
قانونية,0.08500483009149831
قرارا,0.08500483009149831
قانونية أكثر,0.08500483009149831
لكم,0.08485404671333491
نقدم لكم,0.08485404671333491
نقدم,0.08485404671333491
ال,0.08484412993838882
في تركيا,0.08479046291571873
شروط,0.08460291024884167
قدمت,0.08460291024884167
ضمن شروط,0.08460291024884167
قدمت الحكومة,0.08460291024884167
كنت,0.0844672154037599
في ديدن_للعقارات_والاستثمارات,0.08442137593825354
عملائنا,0.08442137593825354
عملية البيع,0.08442137593825354
عملائنا وتقديم,0.08442137593825354
التركي,0.08410696874711927
شهر أكتوبر,0.0840461823236961
شراء للعقارات,0.0840461823236961
شهر,0.0840461823236961
روف,0.08399121050617445
ملحق روف,0.08399121050617445
5غرف مع,0.08399121050617445
ملحق,0.08399121050617445
عملية,0.08393447342424802
على الجنسية,0.08368675983475662
أو السكن,0.083132953672171
السكن,0.083132953672171
للإستثمار أو,0.083132953672171
الاستثمار_العقاري,0.08312745192065527
3دورات,0.08098302187817356
3دورات مياه,0.08098302187817356
مستقيل,0.08098302187817356
السطح,0.08098302187817356
مع السطح,0.08098302187817356
صاله خزان,0.08098302187817356
مياه مطبخ,0.08098302187817356
وسفلي مستقيل,0.08098302187817356
مطبخ صاله,0.08098302187817356
عقارك قاعدة,0.08093555201501065
عقارك,0.08093555201501065
قلب مراكز,0.08093555201501065
قاعدة ذهبية,0.08093555201501065
قاعدة,0.08093555201501065
فيلا,0.08038892422342289
عقارات_للبيع الاستثمار_العقاري,0.08038892422342289
فيلات الجنسية_التركية,0.08038892422342289
فيلات,0.08038892422342289
عقارات عقارات_للبيع,0.08038892422342289
فيلا فلل,0.08038892422342289
شراء_عقارات,0.08038892422342289
شراء_عقارات عقارات,0.08038892422342289
عقارات_للبيع,0.08038892422342289
شهري,0.07943070782967347
كنت واحصل,0.07943070782967347
شهري خليك_في_البيت,0.07943070782967347
موقف,0.0792617343200879
في منطقة,0.0783487271325973
على مكتبات,0.07794109895066469
شركة ماكسيموم_للاستشارات_العقارية,0.07786498086748952
عائلتنا ونبارك,0.07786498086748952
عائلتنا,0.07786498086748952
أفجلار,0.07743020639174376
طريق,0.07694266551135617
طريق الاستفادة,0.07694266551135617
عن طريق,0.07694266551135617
شقق فاخرة,0.0766780867508742
غرفتين وصالة,0.07626184176493431
غرفتين,0.07626184176493431
شقة_اسطنبول,0.07626184176493431
شقة_اسطنبول بيرم,0.07626184176493431
للمزيد من,0.07607004657728962
للمزيد,0.07607004657728962
شقق ومكاتب,0.07598143180482278
أكثر من,0.07501076604699589
شقة أحلامك,0.07427577678166272
طالما حل,0.07427577678166272
طالما,0.07427577678166272
شركة ديدن_للعقارات_والاستثمارات,0.07374838598051636
عقاري,0.07186417007410718
غير موثوق,0.07186417007410718
غير مكتملة,0.07186417007410718
عقارات غير,0.07186417007410718
عقاري غير,0.07186417007410718
الجنسية التركية,0.06803446815718801
الجنسية,0.06803446815718801
118,0.06775792972725442
118 sqm,0.06775792972725442
ankara 118,0.06775792972725442
الاستثمار,0.06713441006339614
4غرف صالة,0.06696723655513978
الجوده,0.06696723655513978
في جدة,0.06696723655513978
جدة,0.06696723655513978
تملك شقة,0.06696723655513978
وبتصميم عالي,0.06696723655513978
4غرف,0.06696723655513978
جدة تملك,0.06696723655513978
عالي,0.06696723655513978
الجوده 4غرف,0.06696723655513978
فاخرة وبتصميم,0.06696723655513978
جديدة,0.06696723655513978
مياة المطلوب,0.06696723655513978
جديدة فاخرة,0.06696723655513978
240الف ريال,0.06696723655513978
240الف,0.06696723655513978
عالي الجوده,0.06696723655513978
المطلوب 240الف,0.06696723655513978
شقة جديدة,0.06696723655513978
ريال,0.06696723655513978
المطلوب,0.06696723655513978
وبتصميم,0.06696723655513978
قسم,0.06696217505183324
قسم العقارات,0.06696217505183324
شركة الأفق,0.06696217505183324
sale in,0.06672237505195035
pursaklar شقة_للبيع,0.06672237505195035
الحصول,0.06487448624194732
الحصول على,0.06487448624194732
إذا كنت,0.06487448624194732
إذا,0.06487448624194732
صاحب البيت,0.06345076419034192
صاحب,0.06345076419034192
شقق vip,0.06345076419034192
شقق مفروشة,0.06345076419034192
فيسعدنا تزويدك,0.06286318519225516
كنت مهتما,0.06286318519225516
قوان,0.06286318519225516
فيسعدنا,0.06286318519225516
ضمن منطقة,0.06069217884174195
غرب اسطنبول,0.06069217884174195
غرب,0.06069217884174195
شهير الرا,0.06069217884174195
كنت ترغب,0.06069217884174195
مستقيل مو,0.06039041259823844
مو,0.06039041259823844
مع سطح,0.05946378864430957
عمولة,0.05946378864430957
مدخلين,0.05946378864430957
منافس,0.05946378864430957
سطح خاص,0.05946378864430957
سطح,0.05946378864430957
منافس وبدون,0.05946378864430957
للبيع ملحق,0.05946378864430957
روف فاخربسعر,0.05946378864430957
عمولة لسكن,0.05946378864430957
خاص دورات,0.05946378864430957
الشقة,0.05946378864430957
فاخربسعر منافس,0.05946378864430957
وبدون عمولة,0.05946378864430957
مياة صاله,0.05946378864430957
مطبخ الشقة,0.05946378864430957
الشقة مدخلين,0.05946378864430957
فاخربسعر,0.05946378864430957
عديدة مثل,0.059043639884320154
كنت من,0.059043639884320154
عقارات فاخرة,0.059043639884320154
في مناطق,0.059043639884320154
عديدة,0.059043639884320154
عن عقارات,0.059043639884320154
قلب مدينة,0.059043639884320154
للجميع,0.058542290349035686
السكن عروضنا,0.058542290349035686
مناسبة,0.058542290349035686
مناسبة للجميع,0.058542290349035686
خزان مستقل,0.058542290349035686
للجميع 3غرف,0.058542290349035686
مستقل علوي,0.058542290349035686
واسعارنا,0.058542290349035686
مستقل,0.058542290349035686
وسفلي موقف,0.058542290349035686
واسعارنا مناسبة,0.058542290349035686
3غرف صاله,0.058542290349035686
فاخرة للإستثمار,0.058542290349035686
عروضنا,0.058542290349035686
عروضنا واسعارنا,0.058542290349035686
مياه خزان,0.058542290349035686
ضمن مجمع,0.05838329735811507
على شقق,0.05838329735811507
شراء_عقار,0.05837585899577258
شقق عقارات,0.05837585899577258
في مشروع,0.05837585899577258
عقارات شراء_عقار,0.05837585899577258
عوامل,0.057862575714315176
عوامل تحديد,0.057862575714315176
في تحديد,0.057862575714315176
فيه,0.057862575714315176
كما أن,0.057862575714315176
كما,0.057862575714315176
كبير في,0.057862575714315176
كبير,0.057862575714315176
فيه كما,0.057862575714315176
عملية التقديم,0.056566315647354384
كم تستغرق,0.056566315647354384
كم,0.056566315647354384
غرف بمنافعها,0.05626652298755517
غرف دورات,0.05626652298755517
السطح لسكن,0.05623393881062453
من غرف,0.05623393881062453
الإستثمار,0.05623393881062453
ملحق5 غرف,0.05623393881062453
ملحق5,0.05623393881062453
أو الإستثمار,0.05623393881062453
الإستثمار تتكون,0.05623393881062453
لسكن أو,0.05623393881062453
غرف مع,0.05623393881062453
غرف 3دورات,0.05623393881062453
جده_الان للبيع,0.05623393881062453
جده_الان,0.05623393881062453
للبيع ملحق5,0.05623393881062453
تتكون من,0.05623393881062453
تتكون,0.05623393881062453
شهير في,0.054623352078643994
شهير اسطنبول,0.054623352078643994
موقف خاص,0.05380407415379564
طرابزون ريالتي,0.05260092501858967
طرابزون شقة_للبيع,0.05260092501858967
في السوق,0.05001945446185283
في الس,0.04917451646253228
سعر,0.04869085578348268
عدم تكرار,0.048103851527220784
كورونا,0.048103851527220784
عدد,0.04808578782653467
المساحة,0.04808578782653467
عدد الغرف,0.04808578782653467
في مجمع,0.04808578782653467
وحمامات,0.04808578782653467
وحمامات المساحة,0.04808578782653467
افضل,0.04808578782653467
174 متر,0.04808578782653467
174,0.04808578782653467
افضل سعر,0.04808578782653467
مربع افضل,0.04808578782653467
المميز,0.04808578782653467
الطابق,0.04808578782653467
متر مربع,0.04808578782653467
المميز الطابق,0.04808578782653467
بارك,0.04808578782653467
بارك المميز,0.04808578782653467
برستيج,0.04808578782653467
الغرف,0.04808578782653467
مجمع برستيج,0.04808578782653467
الغرف وحمامات,0.04808578782653467
برستيج بارك,0.04808578782653467
التاسع عدد,0.04808578782653467
التاسع,0.04808578782653467
سعر في,0.04808578782653467
المساحة 174,0.04808578782653467
مربع,0.04808578782653467
الطابق التاسع,0.04808578782653467
طرابزون مطلة,0.04638819925874851
على البحر,0.04638819925874851
شقة في,0.04453211802698596
في دوزجه,0.04453211802698596
عمولات,0.04375230152057902
عمولات لسكن,0.04375230152057902
شقتك الآن,0.04375230152057902
شقتك,0.04375230152057902
شقة للبيع,0.04117749646178749
شقة تمليك,0.037279216714420416
قرضك_الشخصي,0.036165564660899326
قرضك_الشخصي شقة,0.036165564660899326
قري,0.036165564660899326
عرض,0.03368749994946986
فاخر 5غرف,0.03368749994946986
